0,"ABQ","United States of America New Mexico Albuquerque","1848","United States of America New Mexico Albuquerque"
0,"ABR","United States of America South Dakota Aberdeen","26719","United States of America South Dakota Aberdeen"
0,"ACA","Mexico  Acapulco","1252","Mexico  Acapulco"
0,"ACY","United States of America New Jersey Atlantic City","4261","United States of America New Jersey Atlantic City"
0,"ADQ","United States of America Alaska Kodiak","6634","United States of America Alaska Kodiak"
0,"ADS","United States of America Texas Addison","26096","United States of America Texas Addison"
0,"AGH","United States of America California Agoura Hills","42671","United States of America California Agoura Hills"
0,"AHN","United States of America Georgia Athens","27025","United States of America Georgia Athens"
0,"ALS","United States of America Colorado Alamosa","29146","United States of America Colorado Alamosa"
0,"ALX","United States of America Virginia Alexandria","25621","United States of America Virginia Alexandria"
0,"AMA","United States of America Texas Amarillo","4312","United States of America Texas Amarillo"
0,"AML","United States of America Florida Amelia Island","19751","United States of America Florida Amelia Island"
0,"ANA","United States of America California Anaheim","3777","United States of America California Anaheim"
0,"ANC","United States of America Alaska Anchorage","752","United States of America Alaska Anchorage"
0,"ANG","United States of America California Garden Grove","25556","United States of America California Garden Grove"
0,"ANN","United States of America Maryland Annapolis","4340","United States of America Maryland Annapolis"
0,"APF","United States of America Florida Naples","27105","United States of America Florida Naples"
0,"ARB","United States of America Michigan Ann Arbor","4379","United States of America Michigan Ann Arbor"
0,"ARC","United States of America California Arcadia","26779","United States of America California Arcadia"
0,"ARL","United States of America Virginia Arlington","26452","United States of America Virginia Arlington"
0,"ASE","United States of America Colorado Aspen","4153","United States of America Colorado Aspen"
0,"ATL","United States of America Georgia Atlanta","27072","United States of America Georgia Atlanta"
0,"ATS","United States of America California Atascadero","29069","United States of America California Atascadero"
0,"AUE","United States of America Maine Auburn","26392","United States of America Maine Auburn"
0,"AUG","United States of America Maine Augusta","27083","United States of America Maine Augusta"
0,"AUS","United States of America Texas Austin","25526","United States of America Texas Austin"
0,"AVE","United States of America Florida Miami","25773","United States of America Florida Miami"
0,"AVL","United States of America North Carolina Asheville","4462","United States of America North Carolina Asheville"
0,"AVN","United States of America Colorado Avon","26888","United States of America Colorado Avon"
0,"AZS","Dominican Republic  Samana","10266","Dominican Republic  Samana"
0,"BAH","Dominican Republic  Barahona","4857","Dominican Republic  Barahona"
0,"BAL","United States of America Florida Bal Harbour","62233","United States of America Florida Bal Harbour"
0,"BAQ","Colombia  Barranquilla","4517","Colombia  Barranquilla"
0,"BAR","United States of America California Barstow","25689","United States of America California Barstow"
0,"BCC","Dominican Republic  Boca Chica","10264","Dominican Republic  Boca Chica"
0,"BCN","United States of America Utah Bryce Canyon","26184","United States of America Utah Bryce Canyon"
0,"BDF","United States of America Maine Biddeford","42784","United States of America Maine Biddeford"
0,"BEA","United States of America Utah Beaver","42755","United States of America Utah Beaver"
0,"BEN","United States of America Oregon Bend","28960","United States of America Oregon Bend"
0,"BFL","United States of America California Bakersfield","4023","United States of America California Bakersfield"
0,"BGR","United States of America Maine Bangor","3328","United States of America Maine Bangor"
0,"BHA","United States of America Alabama Birmingham","25830","United States of America Alabama Birmingham"
0,"BHB","United States of America Maine Bar Harbor","4650","United States of America Maine Bar Harbor"
0,"BIG","United States of America California Big Bear Lake","26361","United States of America California Big Bear Lake"
0,"BIH","United States of America California Bishop","4675","United States of America California Bishop"
0,"BIM","Bahamas  Bimini","4679","Bahamas  Bimini"
0,"BIS","United States of America North Dakota Bismarck","4683","United States of America North Dakota Bismarck"
0,"BIX","United States of America Mississippi Biloxi","4688","United States of America Mississippi Biloxi"
0,"BKF","United States of America Colorado Aurora","26729","United States of America Colorado Aurora"
0,"BKG","United States of America Missouri Branson","19768","United States of America Missouri Branson"
0,"BLC","United States of America Massachusetts Billerica","26868","United States of America Massachusetts Billerica"
0,"BLF","United States of America Utah Bluff","63976","United States of America Utah Bluff"
0,"BLH","United States of America California Blythe","4736","United States of America California Blythe"
0,"BLM","United States of America California Belmont","26546","United States of America California Belmont"
0,"BLN","United States of America Utah Blanding","29556","United States of America Utah Blanding"
0,"BLT","United States of America Maine Belfast","42759","United States of America Maine Belfast"
0,"BNA","United States of America Tennessee Nashville","3228","United States of America Tennessee Nashville"
0,"BNG","United States of America California Banning","4779","United States of America California Banning"
0,"BOC","United States of America Florida Boca Raton","4567","United States of America Florida Boca Raton"
0,"BOI","United States of America Idaho Boise","1781","United States of America Idaho Boise"
0,"BON","United States of America Florida Bonita Springs","27069","United States of America Florida Bonita Springs"
0,"BOS","United States of America Massachusetts Boston","26848","United States of America Massachusetts Boston"
0,"BPK","United States of America California Buena Park","19767","United States of America California Buena Park"
0,"BQI","United States of America Minnesota Bloomington","25682","United States of America Minnesota Bloomington"
0,"BRG","United States of America Colorado Brighton","27049","United States of America Colorado Brighton"
0,"BRH","United States of America Utah Brian Head","26308","United States of America Utah Brian Head"
0,"BRN","United States of America California Brentwood","26683","United States of America California Brentwood"
0,"BRO","United States of America Texas South Padre Island","26210","United States of America Texas South Padre Island"
0,"BRP","Canada Ontario Brampton","20071","Canada Ontario Brampton"
0,"BTH","United States of America Maryland Bethesda","19759","United States of America Maryland Bethesda"
0,"BTM","United States of America Montana Butte","1404","United States of America Montana Butte"
0,"BTR","United States of America Louisiana Baton Rouge","3363","United States of America Louisiana Baton Rouge"
0,"BTV","United States of America Vermont Burlington","4169","United States of America Vermont Burlington"
0,"BUE","Argentina  Buenos Aires","807","Argentina  Buenos Aires"
0,"BUP","Canada Quebec Beaupre","35547","Canada Quebec Beaupre"
0,"BUR","United States of America California Burbank","25676","United States of America California Burbank"
0,"BVU","United States of America Washington Bellevue","26819","United States of America Washington Bellevue"
0,"BWI","United States of America Maryland Baltimore","1460","United States of America Maryland Baltimore"
0,"BZC","Brazil  Buzios","3426","Brazil  Buzios"
0,"BZN","United States of America Montana Bozeman","4022","United States of America Montana Bozeman"
0,"BZV","United States of America Missouri Branson West","42820","United States of America Missouri Branson West"
0,"CAB","Dominican Republic  Cabarete","10265","Dominican Republic  Cabarete"
0,"CAC","Brazil  Cascavel","7503","Brazil  Cascavel"
0,"CAE","United States of America South Carolina Columbia","1426","United States of America South Carolina Columbia"
0,"CAM","United States of America California Cambria","26449","United States of America California Cambria"
0,"CCD","United States of America Utah Cedar City","5031","United States of America Utah Cedar City"
0,"CEZ","United States of America Colorado Cortez","29148","United States of America Colorado Cortez"
0,"CGB","United States of America Florida Coral Gables","61049","United States of America Florida Coral Gables"
0,"CHA","United States of America Tennessee Chattanooga","3356","United States of America Tennessee Chattanooga"
0,"CHD","United States of America Arizona Chandler","19895","United States of America Arizona Chandler"
0,"CHI","United States of America Illinois Chicago","549","United States of America Illinois Chicago"
0,"CHM","United States of America Massachusetts Chatham","20084","United States of America Massachusetts Chatham"
0,"CHS","United States of America South Carolina Charleston","4188","United States of America South Carolina Charleston"
0,"CID","United States of America Iowa Cedar Rapids","28754","United States of America Iowa Cedar Rapids"
0,"CLD","United States of America California Carlsbad","26334","United States of America California Carlsbad"
0,"CLE","United States of America Ohio Cleveland","1185","United States of America Ohio Cleveland"
0,"CLL","United States of America Georgia College Park","26849","United States of America Georgia College Park"
0,"CLM","United States of America Washington Port Angeles","5075","United States of America Washington Port Angeles"
0,"CLP","United States of America Maryland College Park","26660","United States of America Maryland College Park"
0,"CLR","United States of America Florida Clearwater","1871","United States of America Florida Clearwater"
0,"CLS","United States of America California Santa Clara","19902","United States of America California Santa Clara"
0,"CLT","United States of America North Carolina Charlotte","26852","United States of America North Carolina Charlotte"
0,"CMD","United States of America California Corte Madera","26207","United States of America California Corte Madera"
0,"CMH","United States of America Ohio Columbus","26851","United States of America Ohio Columbus"
0,"CNJ","Canada Ontario Fort Erie","35575","Canada Ontario Fort Erie"
0,"CNO","United States of America California Chino Hills","27022","United States of America California Chino Hills"
0,"CNT","United States of America Maryland Clinton","29212","United States of America Maryland Clinton"
0,"COC","United States of America Florida Cocoa Beach","9494","United States of America Florida Cocoa Beach"
0,"COD","United States of America Wyoming Cody","5097","United States of America Wyoming Cody"
0,"COS","United States of America Colorado Colorado Springs","25870","United States of America Colorado Colorado Springs"
0,"CPR","United States of America Wyoming Casper","5106","United States of America Wyoming Casper"
0,"CRF","United States of America Arizona Carefree","25944","United States of America Arizona Carefree"
0,"CRP","United States of America Texas Corpus Christi","5114","United States of America Texas Corpus Christi"
0,"CRS","United States of America California Crescent City","5034","United States of America California Crescent City"
0,"CSN","United States of America Nevada Carson City","20274","United States of America Nevada Carson City"
0,"CTC","Argentina  Catamarca","5121","Argentina  Catamarca"
0,"CTF","United States of America Missouri Chesterfield","25407","United States of America Missouri Chesterfield"
0,"CVG","United States of America Ohio Cincinnati","1184","United States of America Ohio Cincinnati"
0,"CYS","United States of America Wyoming Cheyenne","5156","United States of America Wyoming Cheyenne"
0,"CZM","Mexico  Cozumel","5162","Mexico  Cozumel"
0,"DAN","United States of America Massachusetts Danvers","9537","United States of America Massachusetts Danvers"
0,"DAV","United States of America California Davis","25946","United States of America California Davis"
0,"DBQ","United States of America Iowa Dubuque","5170","United States of America Iowa Dubuque"
0,"DCI","United States of America California Daly City","25610","United States of America California Daly City"
0,"DEA","United States of America Michigan Dearborn","19776","United States of America Michigan Dearborn"
0,"DED","United States of America South Dakota Deadwood","29329","United States of America South Dakota Deadwood"
0,"DEN","United States of America Colorado Denver","20099","United States of America Colorado Denver"
0,"DEW","United States of America Delaware Dewey Beach","27070","United States of America Delaware Dewey Beach"
0,"DFB","United States of America Florida Deerfield Beach","26684","United States of America Florida Deerfield Beach"
0,"DFW","United States of America Texas Dallas","705","United States of America Texas Dallas"
0,"DIX","United States of America California Dixon","27077","United States of America California Dixon"
0,"DLH","United States of America Minnesota Duluth","26110","United States of America Minnesota Duluth"
0,"DLS","United States of America Oregon The Dalles","43323","United States of America Oregon The Dalles"
0,"DLT","United States of America Colorado Delta","43064","United States of America Colorado Delta"
0,"DMT","United States of America Massachusetts North Dartmouth","29234","United States of America Massachusetts North Dartmouth"
0,"DNB","United States of America California Dinuba","29076","United States of America California Dinuba"
0,"DOR","Puerto Rico  Dorado","20121","Puerto Rico  Dorado"
0,"DPT","United States of America California Dana Point","9535","United States of America California Dana Point"
0,"DRB","United States of America Florida Delray Beach","26072","United States of America Florida Delray Beach"
0,"DRO","United States of America Colorado Durango","4166","United States of America Colorado Durango"
0,"DRT","Canada Nova Scotia Dartmouth","9539","Canada Nova Scotia Dartmouth"
0,"DSM","United States of America Iowa Des Moines","26244","United States of America Iowa Des Moines"
0,"DTW","United States of America Michigan Detroit","233","United States of America Michigan Detroit"
0,"DUK","United States of America Florida Duck Key","43096","United States of America Florida Duck Key"
0,"DVN","United States of America Florida Davenport","25890","United States of America Florida Davenport"
0,"EAG","United States of America Minnesota Eagan","20715","United States of America Minnesota Eagan"
0,"EBR","United States of America New Jersey East Brunswick","25524","United States of America New Jersey East Brunswick"
0,"EDG","United States of America Massachusetts Edgartown","25566","United States of America Massachusetts Edgartown"
0,"EGE","United States of America Colorado Vail","4024","United States of America Colorado Vail"
0,"EKO","United States of America Nevada Elko","5256","United States of America Nevada Elko"
0,"ELK","United States of America Illinois Elk Grove Village","26243","United States of America Illinois Elk Grove Village"
0,"ELL","United States of America Maine Ellsworth","64138","United States of America Maine Ellsworth"
0,"ELP","United States of America Texas El Paso","1178","United States of America Texas El Paso"
0,"ELS","United States of America California EL Segundo","19747","United States of America California El Segundo"
0,"ESS","United States of America Pennsylvania Essington","26591","United States of America Pennsylvania Essington"
0,"EST","United States of America Colorado Estes Park","26639","United States of America Colorado Estes Park"
0,"ETR","Costa Rica  Esterillos","60659","Costa Rica  Esterillos"
0,"EUE","United States of America California Eureka","26155","United States of America California Eureka"
0,"EUG","United States of America Oregon Eugene","3896","United States of America Oregon Eugene"
0,"EYL","United States of America Florida Key Largo","9792","United States of America Florida Key Largo"
0,"EYT","United States of America Florida Little Torch Key","25990","United States of America Florida Little Torch Key"
0,"EYW","United States of America Florida Key West","1188","United States of America Florida Key West"
0,"FAF","United States of America California Fairfield","26677","United States of America California Fairfield"
0,"FAI","United States of America Alaska Fairbanks","4235","United States of America Alaska Fairbanks"
0,"FAJ","Puerto Rico  Fajardo","6725","Puerto Rico  Fajardo"
0,"FAL","United States of America Massachusetts Falmouth","9602","United States of America Massachusetts Falmouth"
0,"FAR","United States of America North Dakota Fargo","3358","United States of America North Dakota Fargo"
0,"FAT","United States of America California Fresno","6726","United States of America California Fresno"
0,"FAX","United States of America Virginia Fairfax","26018","United States of America Virginia Fairfax"
0,"FBO","United States of America Wyoming Evansville","78709","United States of America Wyoming Evansville"
0,"FCA","United States of America Montana Kalispell","6729","United States of America Montana Kalispell"
0,"FLC","United States of America Florida Florida City","25415","United States of America Florida Florida City"
0,"FLG","United States of America Arizona Flagstaff","7543","United States of America Arizona Flagstaff"
0,"FLM","United States of America Utah Fillmore","43623","United States of America Utah Fillmore"
0,"FOB","United States of America California Fort Bragg","26916","United States of America California Fort Bragg"
0,"FPO","Bahamas  Freeport","6754","Bahamas  Freeport"
0,"FRE","United States of America Maine Freeport","25691","United States of America Maine Freeport"
0,"FRM","United States of America California Fremont","26377","United States of America California Fremont"
0,"FRS","Guatemala  FLORES","6760","Guatemala  Flores"
0,"FRT","United States of America New Jersey Fort Lee","9620","United States of America New Jersey Fort Lee"
0,"FSD","United States of America South Dakota Sioux Falls","6763","United States of America South Dakota Sioux Falls"
0,"FTN","United States of America California Fontana","25875","United States of America California Fontana"
0,"FTS","Canada Alberta Fort Saskatchewan","20551","Canada Alberta Fort Saskatchewan"
0,"GBR","United States of America Arizona Gilbert","43701","United States of America Arizona Gilbert"
0,"GCC","United States of America Wyoming Gillette","25961","United States of America Wyoming Gillette"
0,"GIL","United States of America New Hampshire Gilford","26154","United States of America New Hampshire Gilford"
0,"GJT","United States of America Colorado Grand Junction","6820","United States of America Colorado Grand Junction"
0,"GLN","United States of America Arizona Glendale","26551","United States of America Arizona Glendale"
0,"GPV","United States of America Texas Grapevine","25486","United States of America Texas Grapevine"
0,"GRB","United States of America Wisconsin Green Bay","6846","United States of America Wisconsin Green Bay"
0,"GRH","United States of America Texas Graham","20157","United States of America Texas Graham"
0,"GRK","United States of America Texas Killeen","6995","United States of America Texas Killeen"
0,"GRN","United States of America Georgia Greensboro","25520","United States of America Georgia Greensboro"
0,"GRR","United States of America Michigan Grand Rapids","1858","United States of America Michigan Grand Rapids"
0,"GRW","United States of America Connecticut Greenwich","29136","United States of America Connecticut Greenwich"
0,"GTF","United States of America Montana Great Falls","6854","United States of America Montana Great Falls"
0,"GTY","United States of America Pennsylvania Gettysburg","9649","United States of America Pennsylvania Gettysburg"
0,"GUA","Guatemala  Guatemala City","841","Guatemala  Guatemala City"
0,"GUP","United States of America New Mexico Gallup","6857","United States of America New Mexico Gallup"
0,"GV9","United States of America South Carolina Greenville","26686","United States of America South Carolina Greenville"
0,"HAR","United States of America Pennsylvania Harrisburg","1867","United States of America Pennsylvania Harrisburg"
0,"HBI","Bahamas  Harbour Island","36384","Bahamas  Harbour Island"
0,"HEL","United States of America Montana Helena","29245","United States of America Montana Helena"
0,"HEN","United States of America Nevada Henderson","25719","United States of America Nevada Henderson"
0,"HER","United States of America California Hermosa Beach","26418","United States of America California Hermosa Beach"
0,"HGT","United States of America Michigan Houghton","43848","United States of America Michigan Houghton"
0,"HHH","United States of America South Carolina Hilton Head Island","25962","United States of America South Carolina Hilton Head Island"
0,"HIH","United States of America California Highland","25603","United States of America California Highland"
0,"HLI","United States of America Missouri Hollister","43833","United States of America Missouri Hollister"
0,"HLY","United States of America Florida Hollywood","25908","United States of America Florida Hollywood"
0,"HMB","United States of America California Half Moon Bay","19757","United States of America California Half Moon Bay"
0,"HOB","United States of America New Jersey Hoboken","9719","United States of America New Jersey Hoboken"
0,"HOL","United States of America Arizona Holbrook","25924","United States of America Arizona Holbrook"
0,"HOU","United States of America Texas Houston","26619","United States of America Texas Houston"
0,"HSY","United States of America Pennsylvania Hershey","26309","United States of America Pennsylvania Hershey"
0,"HTS","Canada Ontario Huntsville","35586","Canada Ontario Huntsville"
0,"HUB","United States of America California Huntington Beach","26213","United States of America California Huntington Beach"
0,"HUF","United States of America Indiana Terre Haute","25789","United States of America Indiana Terre Haute"
0,"HYA","United States of America Massachusetts Hyannis","6964","United States of America Massachusetts Hyannis"
0,"IAD","United States of America Virginia Herndon","25529","United States of America Virginia Herndon"
0,"IAH","United States of America Texas Humble","26878","United States of America Texas Humble"
0,"IDA","United States of America Idaho Idaho Falls","6977","United States of America Idaho Idaho Falls"
0,"IDW","United States of America California Indian Wells","19944","United States of America California Indian Wells"
0,"IER","United States of America Louisiana Natchitoches","29194","United States of America Louisiana Natchitoches"
0,"IGH","United States of America Minnesota Inver Grove Heights","26070","United States of America Minnesota Inver Grove Heights"
0,"IGR","Argentina  Iguazu","6989","Argentina  Iguazu"
0,"IND","United States of America Indiana Indianapolis","1291","United States of America Indiana Indianapolis"
0,"IRI","United States of America California Irvine","27020","United States of America California Irvine"
0,"ISL","United States of America Florida Islamorada","26671","United States of America Florida Islamorada"
0,"JAC","United States of America Wyoming Jackson Hole","64284","United States of America Wyoming Jackson Hole"
0,"JCK","United States of America Florida Jacksonville","25795","United States of America Florida Jacksonville"
0,"JCY","United States of America New Jersey Jersey City","9767","United States of America New Jersey Jersey City"
0,"JEF","United States of America Indiana Jeffersonville","25984","United States of America Indiana Jeffersonville"
0,"JEK","United States of America Georgia Jekyll Island","29587","United States of America Georgia Jekyll Island"
0,"JEN","United States of America California Jenner","26403","United States of America California Jenner"
0,"JKS","United States of America New Hampshire Jackson","26222","United States of America New Hampshire Jackson"
0,"JNP","United States of America California Newport Beach","10018","United States of America California Newport Beach"
0,"JPA","Brazil  Joao Pessoa","7097","Brazil  Joao Pessoa"
0,"JSB","United States of America Florida Jensen Beach","25861","United States of America Florida Jensen Beach"
0,"JUP","United States of America Florida Jupiter","25886","United States of America Florida Jupiter"
0,"KAN","United States of America Utah Kanab","9776","United States of America Utah Kanab"
0,"KAY","United States of America Arizona Kayenta","43908","United States of America Arizona Kayenta"
0,"KEN","United States of America Maine Kennebunkport","26091","United States of America Maine Kennebunkport"
0,"KGK","United States of America Tennessee Pigeon Forge","27128","United States of America Tennessee Pigeon Forge"
0,"KIL","United States of America Vermont Killington","26559","United States of America Vermont Killington"
0,"KNG","United States of America Arizona Kingman","6987","United States of America Arizona Kingman"
0,"KOP","United States of America Pennsylvania King of Prussia","26473","United States of America Pennsylvania King of Prussia"
0,"KTN","United States of America Alaska Ketchikan","7244","United States of America Alaska Ketchikan"
0,"KVU","United States of America Washington Vancouver","25939","United States of America Washington Vancouver"
0,"LAG","United States of America California Laguna Beach","25797","United States of America California Laguna Beach"
0,"LAJ","United States of America California La Jolla","19948","United States of America California La Jolla"
0,"LAS","United States of America Nevada Las Vegas","26282","United States of America Nevada Las Vegas"
0,"LAX","United States of America California Los Angeles","347","United States of America California Los Angeles"
0,"LCE","Honduras  La Ceiba","7297","Honduras  La Ceiba"
0,"LCR","United States of America New Mexico Las Cruces","26760","United States of America New Mexico Las Cruces"
0,"LCT","United States of America Pennsylvania Lancaster","26202","United States of America Pennsylvania Lancaster"
0,"LEB","United States of America New Hampshire West Lebanon","29466","United States of America New Hampshire West Lebanon"
0,"LGB","United States of America California Long Beach","7316","United States of America California Long Beach"
0,"LIH","United States of America Hawaii Kauai","3791","United States of America Hawaii Kauai"
0,"LIM","Peru  LIMA","837","Peru  Lima"
0,"LIR","Costa Rica  Guanacaste","9673","Costa Rica  Guanacaste"
0,"LIV","United States of America Montana Livingston","26158","United States of America Montana Livingston"
0,"LLV","United States of America Wyoming Lovell","29061","United States of America Wyoming Lovell"
0,"LMA","Canada Quebec La Malbaie","35589","Canada Quebec La Malbaie"
0,"LMT","United States of America Oregon Klamath Falls","28965","United States of America Oregon Klamath Falls"
0,"LNK","United States of America New Hampshire Lincoln","26628","United States of America New Hampshire Lincoln"
0,"LNX","United States of America Massachusetts Lenox","25653","United States of America Massachusetts Lenox"
0,"LOM","United States of America California Lompoc","25826","United States of America California Lompoc"
0,"LON","United States of America California LONE PINE","29094","United States of America California Lone Pine"
0,"LRM","Dominican Republic  La Romana","7365","Dominican Republic  La Romana"
0,"LUR","United States of America Virginia Luray","29029","United States of America Virginia Luray"
0,"LVK","United States of America Utah La Verkin","79727","United States of America Utah La Verkin"
0,"LWG","United States of America Oregon Lake Oswego","26957","United States of America Oregon Lake Oswego"
0,"MAA","Costa Rica  Manuel Antonio","36425","Costa Rica  Manuel Antonio"
0,"MAC","United States of America Georgia Macon","26880","United States of America Georgia Macon"
0,"MAD","United States of America Florida Madeira Beach","26803","United States of America Florida Madeira Beach"
0,"MAE","United States of America California Madera","20414","United States of America California Madera"
0,"MAN","United States of America Vermont Manchester","27111","United States of America Vermont Manchester"
0,"MAU","United States of America Hawaii Maui","3789","United States of America Hawaii Maui"
0,"MBH","United States of America California Manhattan Beach","26829","United States of America California Manhattan Beach"
0,"MCE","United States of America California Merced","7422","United States of America California Merced"
0,"MCH","United States of America New Hampshire Manchester","1877","United States of America New Hampshire Manchester"
0,"MCI","United States of America Missouri Kansas City","25410","United States of America Missouri Kansas City"
0,"MCK","United States of America Michigan Mackinaw City","26358","United States of America Michigan Mackinaw City"
0,"MCO","United States of America Florida Orlando","1187","United States of America Florida Orlando"
0,"MEM","United States of America Tennessee Memphis","1234","United States of America Tennessee Memphis"
0,"MEQ","United States of America Nevada Mesquite","26490","United States of America Nevada Mesquite"
0,"MES","United States of America Colorado Mesa Verde","9944","United States of America Colorado Mesa Verde"
0,"MEZ","United States of America Arizona MESA","9943","United States of America Arizona Mesa"
0,"MFE","United States of America Texas Mcallen","3366","United States of America Texas McAllen"
0,"MIA","United States of America Florida Miami","25773","United States of America Florida Miami"
0,"MKE","United States of America Wisconsin Milwaukee","1181","United States of America Wisconsin Milwaukee"
0,"MKK","United States of America Hawaii Molokai","3799","United States of America Hawaii Molokai"
0,"MKY","United States of America Florida Marco Island","9912","United States of America Florida Marco Island"
0,"MLB","United States of America Florida Melbourne","4168","United States of America Florida Melbourne"
0,"MMH","United States of America California Mammoth Lakes","3139","United States of America California Mammoth Lakes"
0,"MNK","United States of America Minnesota Minnetonka","19866","United States of America Minnesota Minnetonka"
0,"MNT","Canada Ontario Minett","19699","Canada Ontario Minett"
0,"MOB","United States of America Utah Moab","3779","United States of America Utah Moab"
0,"MOD","United States of America California Modesto","5303","United States of America California Modesto"
0,"MON","United States of America Utah Monticello","25591","United States of America Utah Monticello"
0,"MOR","United States of America Wyoming Moran","44130","United States of America Wyoming Moran"
0,"MRB","United States of America Massachusetts Marlborough","26468","United States of America Massachusetts Marlborough"
0,"MRO","United States of America California Morro Bay","25659","United States of America California Morro Bay"
0,"MRY","United States of America California Monterey","3800","United States of America California Monterey"
0,"MSN","United States of America Wisconsin Madison","1397","United States of America Wisconsin Madison"
0,"MSO","United States of America Montana Missoula","5331","United States of America Montana Missoula"
0,"MSP","United States of America Minnesota Minneapolis","1238","United States of America Minnesota Minneapolis"
0,"MSY","United States of America Louisiana New Orleans","1186","United States of America Louisiana New Orleans"
0,"MTE","United States of America California Montebello","25994","United States of America California Montebello"
0,"MTH","United States of America Florida Marathon","5337","United States of America Florida Marathon"
0,"MVW","United States of America California Mountain View","27130","United States of America California Mountain View"
0,"MWH","United States of America Washington Moses Lake","5359","United States of America Washington Moses Lake"
0,"MYR","United States of America South Carolina Myrtle Beach","5378","United States of America South Carolina Myrtle Beach"
0,"MYS","United States of America Connecticut Mystic","9987","United States of America Connecticut Mystic"
0,"NAH","United States of America Mississippi Natchez","26450","United States of America Mississippi Natchez"
0,"NAP","United States of America California Napa","9995","United States of America California Napa"
0,"NAS","Bahamas  Nassau","3330","Bahamas  Nassau"
0,"NCW","United States of America New Hampshire North Conway","10029","United States of America New Hampshire North Conway"
0,"NDL","United States of America California Needles","25941","United States of America California Needles"
0,"NDP","United States of America Idaho Sandpoint","28753","United States of America Idaho Sandpoint"
0,"NHN","United States of America Connecticut New Haven","6962","United States of America Connecticut New Haven"
0,"NHZ","United States of America Maine Brunswick","27027","United States of America Maine Brunswick"
0,"NOR","United States of America Connecticut Norwich","26144","United States of America Connecticut Norwich"
0,"NOT","United States of America California Novato","19876","United States of America California Novato"
0,"NPT","United States of America Rhode Island Newport","10016","United States of America Rhode Island Newport"
0,"NRC","United States of America California Norco","29098","United States of America California Norco"
0,"NRF","United States of America Virginia Norfolk","25805","United States of America Virginia Norfolk"
0,"NRW","United States of America California Norwalk","27005","United States of America California Norwalk"
0,"NSH","United States of America New Hampshire Nashua","19871","United States of America New Hampshire Nashua"
0,"NTH","United States of America Maryland National Harbor","19798","United States of America Maryland National Harbor"
0,"NTK","United States of America Massachusetts Natick","25626","United States of America Massachusetts Natick"
0,"NWB","United States of America Oregon Newberg","44181","United States of America Oregon Newberg"
0,"OAK","United States of America California Oakland","1435","United States of America California Oakland"
0,"OAP","United States of America Pennsylvania Oaks","64494","United States of America Pennsylvania Oaks"
0,"OCS","United States of America Washington Ocean Shores","29051","United States of America Washington Ocean Shores"
0,"OGT","United States of America Maine Ogunquit","29302","United States of America Maine Ogunquit"
0,"OJA","United States of America California Ojai","26736","United States of America California Ojai"
0,"OKC","United States of America Oklahoma Oklahoma City","1440","United States of America Oklahoma Oklahoma City"
0,"OKD","United States of America Minnesota Oakdale","26371","United States of America Minnesota Oakdale"
0,"OKH","United States of America California Oakhurst","26799","United States of America California Oakhurst"
0,"OLV","United States of America Mississippi Olive Branch","27120","United States of America Mississippi Olive Branch"
0,"OMA","United States of America Nebraska Omaha","1425","United States of America Nebraska Omaha"
0,"ONP","United States of America Oregon Newport","10015","United States of America Oregon Newport"
0,"ONT","United States of America California Colton","25587","United States of America California Colton"
0,"ORF","United States of America Virginia Virginia Beach","9208","United States of America Virginia Virginia Beach"
0,"ORO","United States of America Maine Orono","29303","United States of America Maine Orono"
0,"OTH","United States of America Oregon Coos Bay","43011","United States of America Oregon Coos Bay"
0,"OXR","United States of America California Ventura","20046","United States of America California Ventura"
0,"PAC","Panama  GAMBOA","9638","Panama  Gamboa"
0,"PAR","United States of America Colorado Parker","20492","United States of America Colorado Parker"
0,"PAS","United States of America California Paso Robles","29101","United States of America California Paso Robles"
0,"PAU","United States of America Colorado Parachute","44276","United States of America Colorado Parachute"
0,"PBI","United States of America Florida Palm Beach","20739","United States of America Florida Palm Beach"
0,"PBY","United States of America Massachusetts Peabody","10087","United States of America Massachusetts Peabody"
0,"PCT","United States of America Utah Park City","26791","United States of America Utah Park City"
0,"PDS","United States of America California Palm Desert","19947","United States of America California Palm Desert"
0,"PDX","United States of America Oregon Portland","25858","United States of America Oregon Portland"
0,"PEZ","United States of America Texas Pleasanton","78683","United States of America Texas Pleasanton"
0,"PGE","United States of America Arizona Page","3804","United States of America Arizona Page"
0,"PGU","United States of America Utah Panguitch","25522","United States of America Utah Panguitch"
0,"PHF","United States of America Virginia Williamsburg","26884","United States of America Virginia Williamsburg"
0,"PHL","United States of America Pennsylvania Philadelphia","26153","United States of America Pennsylvania Philadelphia"
0,"PHX","United States of America Arizona Phoenix","25938","United States of America Arizona Phoenix"
0,"PIH","United States of America Idaho Pocatello","5590","United States of America Idaho Pocatello"
0,"PIT","United States of America Pennsylvania Pittsburgh","771","United States of America Pennsylvania Pittsburgh"
0,"PLM","United States of America Vermont Plymouth","20514","United States of America Vermont Plymouth"
0,"PLN","United States of America Texas Plano","19889","United States of America Texas Plano"
0,"PLY","United States of America Massachusetts Plymouth","26675","United States of America Massachusetts Plymouth"
0,"PMC","United States of America Florida Palm Coast","27073","United States of America Florida Palm Coast"
0,"PMD","United States of America California Palmdale","26502","United States of America California Palmdale"
0,"PMH","United States of America New Hampshire Portsmouth","26920","United States of America New Hampshire Portsmouth"
0,"PMT","United States of America Minnesota Plymouth","26322","United States of America Minnesota Plymouth"
0,"PNS","United States of America Florida Pensacola","3322","United States of America Florida Pensacola"
0,"POP","Dominican Republic  Puerto Plata","4053","Dominican Republic  Puerto Plata"
0,"PRC","United States of America Arizona Prescott","5653","United States of America Arizona Prescott"
0,"PRI","United States of America Nevada Primm","25523","United States of America Nevada Primm"
0,"PRO","Colombia  PROVIDENCIA","5683","Colombia  Providencia"
0,"PRS","United States of America New Jersey Parsippany","19884","United States of America New Jersey Parsippany"
0,"PRT","United States of America California Porterville","25859","United States of America California Porterville"
0,"PSP","United States of America California Palm Springs","3806","United States of America California Palm Springs"
0,"PSQ","United States of America California La Quinta","25582","United States of America California La Quinta"
0,"PTF","United States of America Massachusetts Pittsfield","26887","United States of America Massachusetts Pittsfield"
0,"PTT","United States of America California Pittsburg","26718","United States of America California Pittsburg"
0,"PUB","Mexico  Puebla","3699","Mexico  Puebla"
0,"PUJ","Dominican Republic  Punta Cana","4054","Dominican Republic  Punta Cana"
0,"PVC","United States of America Massachusetts Provincetown","29238","United States of America Massachusetts Provincetown"
0,"PVD","United States of America Rhode Island Providence","25441","United States of America Rhode Island Providence"
0,"PVU","United States of America Utah Provo","19894","United States of America Utah Provo"
0,"PWM","United States of America Maine Portland","4170","United States of America Maine Portland"
0,"PWS","United States of America California Pleasanton","19890","United States of America California Pleasanton"
0,"QBI","United States of America Utah Green River","43735","United States of America Utah Green River"
0,"QCY","United States of America Massachusetts Quincy","26911","United States of America Massachusetts Quincy"
0,"RAO","Brazil  Ribeirao Preto","5723","Brazil  Ribeirao Preto"
0,"RAP","United States of America South Dakota Rapid City","5724","United States of America South Dakota Rapid City"
0,"RCD","United States of America California Rancho Cordova","19836","United States of America California Rancho Cordova"
0,"RCK","United States of America Massachusetts Rockport","43113","United States of America Massachusetts Rockport"
0,"RCU","United States of America California Rancho Cucamonga","26419","United States of America California Rancho Cucamonga"
0,"RDD","United States of America California Anderson","26544","United States of America California Anderson"
0,"RDG","United States of America California Ridgecrest","29109","United States of America California Ridgecrest"
0,"RDU","United States of America North Carolina Raleigh","1406","United States of America North Carolina Raleigh"
0,"RED","United States of America California Redondo Beach","10171","United States of America California Redondo Beach"
0,"REV","United States of America Massachusetts Revere","25631","United States of America Massachusetts Revere"
0,"RFD","United States of America Utah Richfield","29561","United States of America Utah Richfield"
0,"RGD","Puerto Rico  Rio Grande","36389","Puerto Rico  Rio Grande"
0,"RIC","United States of America Virginia Richmond","26528","United States of America Virginia Richmond"
0,"RIV","United States of America Wyoming Riverton","5760","United States of America Wyoming Riverton"
0,"RKS","United States of America Wyoming Rock Springs","29063","United States of America Wyoming Rock Springs"
0,"RLD","United States of America Washington Richland","44379","United States of America Washington Richland"
0,"RNO","United States of America Nevada Reno","1177","United States of America Nevada Reno"
0,"ROD","United States of America Montana Red Lodge","66624","United States of America Montana Red Lodge"
0,"ROG","United States of America Minnesota Rogers","27065","United States of America Minnesota Rogers"
0,"ROH","United States of America California Rohnert Park","25987","United States of America California Rohnert Park"
0,"RPV","United States of America California Rancho Palos Verdes","27031","United States of America California Rancho Palos Verdes"
0,"RQS","Canada Ontario Barrie","20024","Canada Ontario Barrie"
0,"RSW","United States of America Florida Fort Myers Beach","25857","United States of America Florida Fort Myers Beach"
0,"RTB","Honduras  Roatan","5792","Honduras  Roatan"
0,"RUT","United States of America California Rutherford","43126","United States of America California Rutherford"
0,"RVR","United States of America Florida River Ranch","78428","United States of America Florida River Ranch"
0,"SAC","United States of America California Sacramento","1881","United States of America California Sacramento"
0,"SAN","United States of America California San Diego","698","United States of America California San Diego"
0,"SAR","United States of America Wyoming Saratoga","43169","United States of America Wyoming Saratoga"
0,"SAS","United States of America California San Simeon","7738","United States of America California San Simeon"
0,"SAT","United States of America Texas San Antonio","1193","United States of America Texas San Antonio"
0,"SAV","United States of America Georgia Savannah","26631","United States of America Georgia Savannah"
0,"SBA","United States of America California Santa Barbara","1191","United States of America California Santa Barbara"
0,"SBC","United States of America California Seal Beach","26346","United States of America California Seal Beach"
0,"SBP","United States of America California San Luis Obispo","5118","United States of America California San Luis Obispo"
0,"SCL","Chile  SANTIAGO","852","Chile  Santiago"
0,"SCO","United States of America Arizona Scottsdale","3807","United States of America Arizona Scottsdale"
0,"SCZ","United States of America California Santa Cruz","20574","United States of America California Santa Cruz"
0,"SDF","United States of America Kentucky Louisville","25945","United States of America Kentucky Louisville"
0,"SDW","United States of America Massachusetts Sandwich","25543","United States of America Massachusetts Sandwich"
0,"SED","United States of America Arizona Sedona","3808","United States of America Arizona Sedona"
0,"SEQ","United States of America Washington Sequim","43194","United States of America Washington Sequim"
0,"SES","United States of America California Seaside","61115","United States of America California Seaside"
0,"SFE","United States of America New Mexico Santa Fe","5806","United States of America New Mexico Santa Fe"
0,"SFO","United States of America California San Francisco","313","United States of America California San Francisco"
0,"SGF","United States of America Missouri Springfield","3331","United States of America Missouri Springfield"
0,"SGU","United States of America Utah St. George","26287","United States of America Utah St. George"
0,"SHR","United States of America Wyoming Sheridan","29064","United States of America Wyoming Sheridan"
0,"SJC","United States of America California San Jose","1880","United States of America California San Jose"
0,"SJK","Brazil  SAO JOSE DOS CAMPOS","5875","Brazil  Sao Jose dos Campos"
0,"SJU","Puerto Rico  San Juan","4090","Puerto Rico  San Juan"
0,"SLC","United States of America Utah Salt Lake City","700","United States of America Utah Salt Lake City"
0,"SLE","United States of America Oregon Salem","28972","United States of America Oregon Salem"
0,"SLM","United States of America Massachusetts Salem","26194","United States of America Massachusetts Salem"
0,"SMR","United States of America Georgia Smyrna","26239","United States of America Georgia Smyrna"
0,"SMX","United States of America California Santa Maria","5909","United States of America California Santa Maria"
0,"SNA","United States of America California Santa Ana","1396","United States of America California Santa Ana"
0,"SNN","United States of America California Sunnyvale","25750","United States of America California Sunnyvale"
0,"SNS","United States of America California Salinas","26707","United States of America California Salinas"
0,"SNU","United States of America California Santa Clara","19902","United States of America California Santa Clara"
0,"SNW","United States of America Colorado Snowmass Village","26655","United States of America Colorado Snowmass Village"
0,"SOK","Canada British Columbia Sooke","45487","Canada British Columbia Sooke"
0,"SOL","United States of America California Solvang","25757","United States of America California Solvang"
0,"SOM","United States of America Massachusetts Somerville","26145","United States of America Massachusetts Somerville"
0,"SOU","United States of America Connecticut Southport","78853","United States of America Connecticut Southport"
0,"SPD","United States of America Illinois Springfield","3241","United States of America Illinois Springfield"
0,"SPF","United States of America Virginia Springfield","27016","United States of America Virginia Springfield"
0,"SPG","United States of America Massachusetts West Springfield","26781","United States of America Massachusetts West Springfield"
0,"SPO","United States of America Washington Spokane","1400","United States of America Washington Spokane"
0,"SPR","United States of America Utah Springdale","26553","United States of America Utah Springdale"
0,"SPS","United States of America Texas Wichita Falls","5928","United States of America Texas Wichita Falls"
0,"SRQ","United States of America Florida Sarasota","5936","United States of America Florida Sarasota"
0,"SSD","United States of America Oregon Seaside","26560","United States of America Oregon Seaside"
0,"STB","United States of America Massachusetts Sturbridge","29241","United States of America Massachusetts Sturbridge"
0,"STH","United States of America California Saint Helena","26077","United States of America California Saint Helena"
0,"STL","United States of America Missouri St. Louis","20578","United States of America Missouri St. Louis"
0,"STM","United States of America California Santa Monica","10221","United States of America California Santa Monica"
0,"STO","United States of America Vermont Stowe","9095","United States of America Vermont Stowe"
0,"SUC","Uruguay  Carmelo","62443","Uruguay  Carmelo"
0,"SUG","United States of America New Hampshire Sugar Hill","25467","United States of America New Hampshire Sugar Hill"
0,"SUR","Canada British Columbia Surrey","9100","Canada British Columbia Surrey"
0,"SVC","United States of America New Mexico Silver City","29479","United States of America New Mexico Silver City"
0,"SYA","United States of America Massachusetts South Yarmouth","26182","United States of America Massachusetts South Yarmouth"
0,"TBS","United States of America Arizona Tombstone","26487","United States of America Arizona Tombstone"
0,"TIG","United States of America Oregon Tigard","26240","United States of America Oregon Tigard"
0,"TIL","United States of America Oregon Tillamook","28975","United States of America Oregon Tillamook"
0,"TIW","United States of America Washington Tacoma","29057","United States of America Washington Tacoma"
0,"TLR","United States of America California Tulare","20638","United States of America California Tulare"
0,"TMU","Costa Rica  Tambor","6089","Costa Rica  Tambor"
0,"TOA","United States of America California Torrance","19921","United States of America California Torrance"
0,"TOR","United States of America Utah Torrey","29564","United States of America Utah Torrey"
0,"TPA","United States of America Florida Tampa","1399","United States of America Florida Tampa"
0,"TRI","United States of America Florida Treasure Island","26333","United States of America Florida Treasure Island"
0,"TRL","United States of America California Turlock","26570","United States of America California Turlock"
0,"TSM","United States of America New Mexico Taos","6124","United States of America New Mexico Taos"
0,"TUL","United States of America Oklahoma Tulsa","1857","United States of America Oklahoma Tulsa"
0,"TUS","United States of America Arizona Tucson","1192","United States of America Arizona Tucson"
0,"TWF","United States of America Idaho Twin Falls","6147","United States of America Idaho Twin Falls"
0,"TYS","United States of America Virginia Tysons Corner","19912","United States of America Virginia Tysons Corner"
0,"UGX","United States of America Massachusetts Saugus","26656","United States of America Massachusetts Saugus"
0,"UIO","Ecuador  Quito","858","Ecuador  Quito"
0,"UNC","United States of America Connecticut Uncasville","66770","United States of America Connecticut Uncasville"
0,"UVI","Costa Rica  Uvita","60711","Costa Rica  Uvita"
0,"VAJ","United States of America California Vallejo","29121","United States of America California Vallejo"
0,"VEL","United States of America Utah Vernal","29566","United States of America Utah Vernal"
0,"VIS","United States of America California VISALIA","6240","United States of America California Visalia"
0,"VQS","Puerto Rico  Vieques","22036","Puerto Rico  Vieques"
0,"VRB","United States of America Florida Vero Beach","25540","United States of America Florida Vero Beach"
0,"VRG","United States of America Vermont Vergennes","26525","United States of America Vermont Vergennes"
0,"WAR","United States of America Rhode Island West Warwick","26947","United States of America Rhode Island West Warwick"
0,"WAT","United States of America Oregon Warrenton","78825","United States of America Oregon Warrenton"
0,"WBU","United States of America Colorado Boulder","20065","United States of America Colorado Boulder"
0,"WDS","United States of America California Windsor","29125","United States of America California Windsor"
0,"WES","United States of America Florida Weston","25651","United States of America Florida Weston"
0,"WHT","United States of America California Whittier","26256","United States of America California Whittier"
0,"WIC","United States of America Arizona Wickenburg","43485","United States of America Arizona Wickenburg"
0,"WIL","United States of America Arizona Williams","26818","United States of America Arizona Williams"
0,"WLD","United States of America Missouri Wildwood","43490","United States of America Missouri Wildwood"
0,"WLT","United States of America California Willits","43495","United States of America California Willits"
0,"WMC","United States of America Nevada Winnemucca","43512","United States of America Nevada Winnemucca"
0,"WNC","United States of America California Walnut Creek","25788","United States of America California Walnut Creek"
0,"WOB","United States of America Massachusetts Woburn","19931","United States of America Massachusetts Woburn"
0,"WRN","United States of America Vermont Warren","27064","United States of America Vermont Warren"
0,"WVL","United States of America Maine Waterville","10261","United States of America Maine Waterville"
0,"WXI","United States of America Montana Whitefish","25822","United States of America Montana Whitefish"
0,"WYA","United States of America Massachusetts West Yarmouth","29243","United States of America Massachusetts West Yarmouth"
0,"WYS","United States of America Montana West Yellowstone","6335","United States of America Montana West Yellowstone"
0,"XFL","Canada Quebec Shawinigan","35644","Canada Quebec Shawinigan"
0,"XMG","United States of America Minnesota Maple Grove","26384","United States of America Minnesota Maple Grove"
0,"YBA","Canada Alberta Banff","7725","Canada Alberta Banff"
0,"YBD","Canada British Columbia New Westminster","35605","Canada British Columbia New Westminster"
0,"YBL","Canada British Columbia Campbell River","6360","Canada British Columbia Campbell River"
0,"YCC","Canada Ontario Cornwall","35564","Canada Ontario Cornwall"
0,"YCD","Canada British Columbia Nanaimo","4241","Canada British Columbia Nanaimo"
0,"YEG","Canada Alberta Edmonton","1245","Canada Alberta Edmonton"
0,"YGK","Canada Ontario Kingston","4187","Canada Ontario Kingston"
0,"YHU","Canada Quebec Longueuil","35594","Canada Quebec Longueuil"
0,"YHZ","Canada Nova Scotia Halifax","1242","Canada Nova Scotia Halifax"
0,"YIA","Canada Ontario Niagara Falls","3436","Canada Ontario Niagara Falls"
0,"YJA","Canada Alberta Jasper","3439","Canada Alberta Jasper"
0,"YKA","Canada British Columbia Kamloops","3440","Canada British Columbia Kamloops"
0,"YLL","Canada Alberta Lake Louise","3435","Canada Alberta Lake Louise"
0,"YLW","Canada British Columbia Kelowna","1398","Canada British Columbia Kelowna"
0,"YMJ","Canada Saskatchewan Moose Jaw","35601","Canada SASKATCHEWAN Moose Jaw"
0,"YOO","Canada Ontario Oshawa","35612","Canada Ontario Oshawa"
0,"YOS","United States of America California Mariposa","27010","United States of America California Mariposa"
0,"YOW","Canada Ontario Ottawa","760","Canada Ontario Ottawa"
0,"YPA","Canada Saskatchewan Prince Albert","6436","Canada SASKATCHEWAN Prince Albert"
0,"YQF","Canada Alberta Red Deer","20207","Canada Alberta Red Deer"
0,"YQG","Canada Ontario Windsor","35669","Canada Ontario Windsor"
0,"YQR","Canada Saskatchewan Regina","3841","Canada SASKATCHEWAN Regina"
0,"YQV","Canada Saskatchewan Yorkton","45570","Canada SASKATCHEWAN Yorkton"
0,"YQW","Canada Saskatchewan North Battleford","45295","Canada SASKATCHEWAN North Battleford"
0,"YRV","Canada British Columbia Revelstoke","10174","Canada British Columbia Revelstoke"
0,"YUB","United States of America California Yuba City","26470","United States of America California Yuba City"
0,"YUM","United States of America Arizona Yuma","6487","United States of America Arizona Yuma"
0,"YVR","Canada British Columbia Vancouver","476","Canada British Columbia Vancouver"
0,"YWG","Canada Manitoba Winnipeg","1434","Canada MANITOBA Winnipeg"
0,"YWS","Canada British Columbia Whistler","3437","Canada British Columbia Whistler"
0,"YXC","Canada British Columbia Fernie","45106","Canada British Columbia Fernie"
0,"YXE","Canada Saskatchewan Saskatoon","1442","Canada SASKATCHEWAN Saskatoon"
0,"YXH","Canada Alberta Medicine Hat","6506","Canada Alberta Medicine Hat"
0,"YXK","Canada Quebec Rimouski","35630","Canada Quebec Rimouski"
0,"YXS","Canada British Columbia Prince George","6510","Canada British Columbia Prince George"
0,"YYC","Canada Alberta Calgary","761","Canada Alberta Calgary"
0,"YYE","Canada British Columbia Fort Nelson","6516","Canada British Columbia Fort Nelson"
0,"YYF","Canada British Columbia Osoyoos","35613","Canada British Columbia Osoyoos"
0,"YYJ","Canada British Columbia Victoria","62407","Canada British Columbia victoria"
0,"YYN","Canada Saskatchewan Swift Current","45511","Canada SASKATCHEWAN Swift Current"
0,"YYZ","Canada Ontario Toronto","461","Canada Ontario Toronto"
0,"ZHU","United States of America New Jersey Hasbrouck Heights","9694","United States of America New Jersey Hasbrouck Heights"
